user_id,interaction_id
595,0
848,0
949,0
458,0
559,0
791,0
15,0
914,0
847,1
822,1
587,1
58,1
898,1
988,2
685,2
536,2
119,2
242,2
88,2
964,3
204,3
102,3
525,3
892,3
79,3
738,4
340,4
206,4
233,4
650,5
622,5
584,5
179,5
613,5
248,6
854,6
332,6
53,6
708,6
623,6
348,7
986,7
923,7
392,7
343,7
651,7
989,7
460,7
600,8
770,8
728,9
795,9
748,9
674,9
271,10
495,10
537,10
83,10
958,10
695,10
226,11
91,11
471,11
485,12
841,12
501,13
478,13
462,14
55,14
808,14
499,14
588,14
165,14
779,15
466,15
970,15
107,15
772,15
174,15
539,15
572,15
879,16
62,16
533,16
394,17
302,17
265,18
660,18
154,18
416,18
686,18
789,18
711,18
219,19
578,19
14,19
55,19
609,19
76,19
683,19
44,20
392,20
127,20
399,20
254,20
260,20
957,20
28,20
854,21
31,21
502,21
370,21
845,21
530,21
487,21
179,21
179,21
784,22
268,22
168,22
493,22
472,22
603,22
669,22
352,22
493,22
401,23
175,23
484,23
598,23
825,23
901,23
315,23
902,23
843,24
289,24
592,24
954,24
925,24
29,24
426,24
592,24
308,24
351,24
883,25
238,25
920,26
264,26
603,26
654,26
948,27
27,27
845,27
161,27
850,27
905,28
492,28
65,28
692,28
594,29
494,29
188,29
187,29
725,29
926,30
452,30
523,30
510,30
958,30
106,30
297,31
231,31
679,31
916,32
47,32
939,32
279,32
507,32
598,32
96,32
346,32
264,33
569,33
649,33
746,34
9,34
609,34
710,34
390,34
811,34
302,34
66,35
409,35
265,35
119,35
118,35
840,35
760,35
230,36
541,36
118,36
856,37
490,37
241,37
551,38
1,38
196,39
242,39
555,40
785,40
458,40
521,41
205,41
316,41
603,41
481,41
833,41
409,42
104,42
747,42
662,42
477,42
943,42
930,42
865,42
230,43
776,43
809,43
569,43
839,43
95,44
193,44
494,45
445,45
445,45
262,45
83,45
96,45
821,45
781,45
47,45
899,46
606,46
676,47
939,47
712,47
466,47
273,47
560,47
834,47
747,47
663,48
391,48
555,49
841,49
307,49
55,49
160,49
757,49
542,49
996,50
333,50
503,50
692,50
874,50
785,50
446,50
494,51
386,51
482,51
740,51
519,51
522,51
221,52
164,52
569,52
477,52
227,52
48,52
963,52
818,52
398,52
982,52
687,53
699,53
950,53
325,53
595,53
244,53
373,53
826,53
48,54
312,54
438,54
751,54
189,54
32,54
602,54
250,54
241,54
607,54
253,55
552,55
218,55
671,55
903,55
779,55
233,55
552,55
580,56
800,56
920,56
701,56
729,56
391,56
927,56
947,56
527,56
874,57
798,57
983,57
125,57
778,57
139,58
630,58
877,58
996,58
957,58
75,58
536,59
487,59
679,60
749,60
678,60
941,60
270,61
273,61
987,61
621,61
338,61
602,61
464,61
38,61
140,61
316,61
633,62
567,62
781,62
829,62
747,62
164,62
207,62
215,62
403,63
889,63
560,63
748,63
75,63
896,64
116,64
230,65
899,65
878,65
670,66
43,66
941,66
471,66
12,67
192,67
340,67
195,67
760,67
422,67
121,67
452,67
518,67
28,68
421,68
249,68
583,68
202,68
548,68
131,68
220,68
371,68
157,69
601,69
840,69
649,69
573,69
814,69
365,70
604,70
484,71
575,71
743,71
778,72
517,72
105,72
328,73
792,73
304,73
256,73
525,73
314,73
457,74
364,74
321,74
223,75
622,75
132,75
192,75
772,75
14,75
642,75
579,75
207,76
201,76
491,76
219,76
970,77
433,77
840,77
263,78
701,78
104,79
890,79
64,79
780,79
426,79
266,79
36,79
481,80
930,80
141,80
977,80
421,80
917,81
127,81
451,81
828,82
75,82
189,82
511,83
907,83
602,83
286,83
940,83
779,84
196,84
494,85
119,85
416,85
81,85
806,86
405,86
33,86
456,86
963,86
424,87
5,87
204,87
971,87
378,87
977,87
833,87
396,87
77,87
401,88
107,88
815,89
915,89
949,89
343,89
515,89
415,90
730,90
220,90
785,90
492,90
938,90
948,90
977,90
793,90
224,90
448,91
976,91
805,91
823,91
661,91
495,91
262,91
37,92
484,92
33,92
909,92
120,92
7,92
316,92
983,92
809,93
838,93
391,94
184,94
203,94
220,94
132,94
149,94
471,94
984,94
84,95
967,95
754,95
443,95
29,95
701,95
105,95
512,95
125,95
610,96
816,96
516,96
316,96
971,97
543,97
3,97
278,98
298,98
941,98
949,98
780,98
322,98
55,98
553,98
731,99
150,99
493,100
724,100
605,101
829,101
495,101
292,101
963,101
667,101
840,101
265,102
69,102
720,102
586,102
384,102
288,102
89,103
380,103
94,103
657,103
117,103
65,103
570,104
278,104
641,104
41,104
976,104
523,104
373,105
942,105
871,105
199,105
528,105
183,106
287,106
629,106
182,106
151,106
859,106
768,107
440,107
843,108
981,108
242,108
744,108
781,108
942,108
974,109
386,109
151,109
248,109
215,109
943,109
612,109
927,109
211,109
583,110
298,110
973,110
814,110
307,111
77,111
694,111
933,111
476,111
689,111
714,111
690,111
360,112
71,112
95,112
821,112
800,112
455,112
660,112
366,112
590,113
337,113
875,113
652,113
887,113
263,113
278,113
282,113
738,114
442,114
218,115
447,115
42,116
16,116
840,116
276,116
713,116
628,116
762,117
618,117
907,118
941,118
160,118
467,118
96,118
479,118
495,118
704,118
138,118
390,119
296,119
910,119
489,119
885,119
596,119
952,120
155,120
293,120
940,120
440,120
234,120
804,120
311,121
692,121
885,121
254,121
395,121
329,121
752,121
33,121
569,122
814,122
992,122
785,123
206,123
565,123
210,123
397,123
620,123
365,123
740,123
177,123
178,124
243,124
831,124
504,124
839,125
904,125
502,125
810,125
326,126
210,126
5,126
375,126
860,127
414,127
330,128
93,128
976,129
637,129
231,129
597,129
184,130
513,130
793,130
242,131
944,131
919,131
626,131
690,131
124,131
64,131
602,132
499,132
630,132
117,132
542,133
403,133
207,133
22,134
480,134
677,134
233,134
213,134
531,134
372,134
399,135
314,135
239,135
888,136
896,136
186,137
866,137
74,137
157,137
402,137
317,137
806,138
353,138
544,138
152,138
465,138
773,138
98,138
139,138
164,138
519,139
526,139
169,139
158,139
565,139
548,140
124,140
253,140
392,140
244,140
377,140
791,141
752,141
433,141
396,141
562,141
484,141
256,141
198,141
562,141
118,142
670,142
63,142
94,142
78,142
910,142
568,142
142,143
572,143
733,144
294,144
42,144
56,144
547,144
520,144
692,144
406,145
919,145
542,145
455,145
637,145
189,145
588,145
499,145
588,145
180,145
434,146
994,146
383,146
571,146
142,146
153,147
101,147
401,147
289,147
848,147
206,147
867,147
857,148
639,148
499,148
593,149
493,149
968,149
321,149
791,149
258,149
744,149
759,150
989,150
598,150
277,150
53,150
458,150
865,150
690,150
50,150
593,151
431,151
311,151
329,151
300,151
758,152
873,152
873,152
502,152
58,152
676,153
321,153
49,153
671,153
512,153
813,153
371,153
405,154
136,154
775,154
822,154
190,154
374,154
199,154
346,154
86,154
741,154
354,155
250,155
717,155
243,155
288,156
29,156
64,157
504,157
579,157
989,157
644,157
709,157
21,158
899,158
819,158
246,158
757,158
180,158
976,158
798,159
159,159
28,159
626,159
36,159
984,159
396,160
632,160
845,160
279,160
408,160
847,161
941,161
622,161
451,161
434,162
756,162
31,162
963,162
715,162
334,163
753,163
254,163
919,163
20,163
105,163
925,164
558,164
428,164
602,165
532,165
673,165
885,165
669,165
649,165
870,166
252,166
232,166
81,166
965,167
438,167
291,167
638,167
991,167
578,168
900,168
477,168
956,168
994,168
290,169
59,169
763,169
501,169
708,169
66,170
772,170
126,171
396,171
604,171
1,171
665,172
33,172
700,173
777,173
18,173
77,173
387,174
434,174
863,174
760,174
58,175
568,175
516,175
380,175
940,175
894,176
3,176
30,176
651,177
855,177
994,177
995,178
186,178
15,178
506,178
883,179
358,179
254,179
946,179
709,179
640,179
241,179
746,180
875,180
270,180
585,180
17,180
96,180
319,180
76,180
976,181
355,181
132,181
5,181
866,181
798,182
335,182
660,182
940,182
529,183
345,183
731,183
518,183
578,183
364,184
332,184
513,184
190,184
810,184
746,184
326,184
745,184
331,184
734,185
966,185
450,185
519,185
755,185
841,185
589,185
990,186
25,186
492,186
590,186
574,187
373,187
810,187
36,187
699,187
198,188
170,188
663,188
942,188
881,188
642,188
987,188
256,188
653,189
755,189
953,190
724,190
987,190
377,190
617,190
419,190
994,190
352,191
886,191
680,191
279,191
13,191
283,191
788,191
122,191
297,191
106,192
62,192
225,192
470,192
127,192
663,192
21,192
195,193
322,193
679,193
971,193
544,194
614,194
427,194
619,194
836,194
243,194
465,194
157,194
814,194
770,195
836,195
703,195
661,195
80,196
157,196
271,196
236,197
194,197
899,197
798,197
699,198
796,198
445,198
190,198
305,198
32,198
932,198
250,198
258,198
894,199
652,199
780,199
142,200
257,200
563,200
340,201
292,201
817,201
197,202
647,202
19,202
890,202
962,202
155,203
76,203
255,204
526,204
503,204
199,205
291,205
913,205
841,205
541,206
918,206
451,206
75,206
246,207
501,207
43,207
824,207
242,207
190,207
916,207
419,207
522,208
905,208
456,208
589,208
581,208
673,208
366,209
526,209
38,210
51,210
927,210
196,210
765,210
871,210
766,210
372,210
200,210
959,211
51,211
644,211
706,211
221,211
461,211
946,211
242,211
987,212
433,212
372,212
99,212
756,213
244,213
519,213
23,214
921,214
834,214
444,214
869,214
798,215
444,215
675,215
449,215
347,216
265,216
357,216
75,216
997,216
877,216
451,216
622,216
70,216
161,217
748,217
379,217
391,217
724,217
672,217
302,217
668,217
523,218
768,218
205,218
682,218
261,218
977,218
661,218
678,219
972,219
444,219
570,219
352,219
731,219
939,219
600,219
457,219
406,219
662,220
833,220
713,220
872,220
957,220
625,220
57,220
209,221
436,221
807,221
121,221
192,222
740,222
890,222
374,222
421,222
748,222
101,222
116,223
91,223
102,223
994,223
943,223
690,224
359,224
936,224
97,224
144,225
844,225
571,225
262,225
927,225
373,226
978,226
37,226
231,226
963,226
670,226
678,227
781,227
88,227
634,227
373,227
739,227
132,227
546,227
544,227
778,227
383,228
849,228
327,228
726,228
600,228
632,229
554,229
710,229
100,229
983,229
392,229
143,229
655,229
256,229
547,229
206,230
229,230
535,230
225,231
814,231
870,231
529,232
473,232
386,232
168,232
411,232
630,233
714,233
779,233
637,233
746,233
720,233
396,233
886,234
599,234
922,234
139,234
9,234
8,234
197,234
762,235
866,235
738,235
932,235
77,235
258,235
88,235
677,235
412,235
354,236
458,236
943,236
434,236
701,236
336,236
284,237
200,237
684,237
719,237
932,237
978,237
918,237
865,237
945,238
257,238
820,238
688,238
53,238
183,239
45,239
779,239
164,239
771,239
433,239
354,239
195,239
542,239
310,240
301,240
975,240
426,240
542,240
613,240
601,240
944,240
274,240
593,241
925,241
373,241
773,241
168,241
218,241
499,241
224,241
739,241
626,242
44,242
609,242
213,242
464,242
214,242
790,242
89,243
574,243
35,243
463,243
765,243
938,243
785,243
304,243
628,244
201,244
458,244
119,244
968,244
185,244
45,244
171,244
439,244
874,244
938,245
812,245
844,245
446,245
976,246
618,246
111,246
839,246
169,246
676,246
222,246
409,246
143,247
663,247
586,247
853,247
241,247
470,247
843,247
665,247
903,248
260,248
105,248
516,248
553,248
798,249
867,249
543,249
460,249
852,249
951,249
15,249
443,249
852,249
651,249
708,250
665,250
694,250
912,250
640,250
751,251
183,251
713,251
400,252
259,252
801,252
208,252
603,252
615,252
583,252
701,252
797,252
29,252
61,253
797,253
3,253
761,254
746,254
209,254
64,254
334,254
506,254
117,255
980,255
399,255
171,255
17,255
661,256
233,256
676,256
604,256
236,256
434,256
671,256
754,257
119,257
503,258
68,258
551,258
829,258
891,258
567,258
305,259
40,259
773,259
917,259
649,259
121,259
332,260
230,260
227,260
219,260
981,260
672,260
661,261
137,261
993,261
299,262
81,262
224,262
182,262
814,262
742,262
706,262
12,262
210,262
376,262
356,263
369,263
819,263
310,264
926,264
508,264
640,264
636,264
667,264
861,264
48,264
565,264
353,264
680,265
728,265
969,265
291,265
721,265
459,265
736,265
475,266
173,266
6,266
902,266
279,266
883,266
835,266
298,267
329,267
961,267
377,267
499,267
549,267
487,267
86,267
510,267
600,267
436,268
415,268
670,268
221,268
529,269
724,269
144,269
352,270
173,270
452,270
473,270
365,271
647,271
343,271
435,271
446,271
920,272
640,272
61,272
794,272
99,272
482,273
834,273
599,273
390,273
198,273
674,273
692,273
910,273
577,274
422,274
500,274
214,274
283,274
121,274
823,274
859,274
683,274
381,274
425,275
805,275
608,275
53,275
773,275
316,275
742,275
648,275
684,276
851,276
338,276
396,276
347,276
361,277
981,277
376,277
917,277
768,277
868,278
728,278
442,278
195,278
841,278
7,278
290,278
171,279
435,279
822,280
470,280
906,280
696,280
406,280
280,280
990,280
417,280
990,281
749,281
145,281
613,281
947,281
883,281
71,281
523,282
168,282
839,282
808,282
946,282
26,282
559,282
39,282
50,283
468,283
373,283
61,283
182,283
724,283
146,284
357,284
668,284
689,284
971,284
413,284
629,284
26,284
920,284
635,285
171,285
874,285
945,285
695,285
378,285
75,285
317,285
494,285
70,285
956,286
252,286
961,286
979,286
900,287
555,287
904,287
109,288
375,288
114,288
139,288
779,288
651,288
86,289
679,289
989,289
196,289
607,289
45,290
748,290
873,290
637,290
263,290
957,290
154,290
624,291
300,291
417,291
727,292
202,292
811,292
881,292
32,292
653,292
394,293
68,293
515,293
114,293
756,293
253,293
166,293
196,294
880,294
192,294
934,294
537,295
421,295
431,295
285,295
327,295
640,295
278,295
777,296
271,296
622,296
983,296
797,297
32,297
654,297
893,297
184,298
571,298
921,298
280,298
313,298
895,299
743,299
762,300
448,300
491,300
527,300
332,301
69,301
539,302
827,302
391,302
513,302
579,302
281,302
698,303
757,303
127,303
827,303
318,303
171,303
701,303
616,303
795,303
659,303
133,304
239,304
841,304
601,304
466,304
731,304
570,304
124,305
275,305
90,305
931,305
851,305
352,305
977,305
123,306
439,306
206,306
787,306
800,307
110,307
782,307
567,307
476,307
449,307
991,308
140,308
634,308
252,308
172,308
316,308
473,309
174,309
504,309
989,310
790,310
595,310
254,310
216,311
643,311
356,311
123,312
858,312
808,313
226,313
54,314
441,314
914,314
513,314
954,315
550,315
671,315
148,315
712,315
457,315
826,315
339,316
77,316
758,316
787,316
659,316
158,316
622,316
493,316
609,316
28,316
601,317
974,317
432,317
431,317
545,317
325,317
852,317
112,317
658,317
246,317
903,318
511,318
14,318
331,318
962,318
356,318
991,318
35,318
179,319
452,319
906,319
338,319
167,319
469,319
684,319
852,320
404,320
476,320
194,321
745,321
466,321
845,321
883,321
72,321
462,322
774,322
581,322
249,322
990,323
326,323
730,323
34,323
217,323
403,323
941,323
157,323
6,323
761,324
543,324
293,324
911,324
199,324
851,325
513,325
838,325
429,325
602,325
224,325
149,325
874,326
304,326
25,326
236,327
706,327
107,327
470,327
328,327
629,327
806,328
283,328
468,329
764,329
323,329
981,329
50,330
696,330
633,330
350,331
577,331
421,331
975,332
774,332
302,332
871,332
127,333
708,333
652,333
729,334
760,334
40,335
342,335
365,336
218,336
192,337
822,337
541,337
228,338
178,338
83,338
983,338
273,339
415,339
813,339
174,339
913,339
170,340
511,340
775,340
403,340
741,340
305,340
477,340
93,341
695,341
847,341
641,341
368,341
154,341
778,341
185,341
393,342
817,342
236,342
700,342
953,342
322,342
488,342
256,342
595,342
58,343
340,343
971,343
831,343
735,343
17,343
8,343
461,343
189,343
568,344
393,344
772,344
877,344
985,344
465,344
517,344
5,345
723,345
241,345
54,345
318,345
540,345
202,346
775,346
309,346
349,347
920,347
744,347
730,347
883,347
662,348
874,348
831,348
177,349
523,349
501,349
468,349
87,349
326,349
279,349
671,349
531,349
906,350
935,350
112,350
857,350
927,350
711,350
333,351
217,351
591,351
294,351
435,351
944,351
561,352
648,352
272,352
163,352
279,352
614,353
302,353
63,353
227,353
976,353
504,353
266,354
13,354
368,354
788,354
924,354
155,354
828,355
246,355
788,355
161,355
400,355
180,355
584,355
822,355
420,355
624,355
83,356
445,356
336,356
406,356
559,356
200,356
721,356
532,356
322,356
545,357
420,357
819,357
746,357
673,357
361,357
408,357
581,357
773,357
463,358
879,358
467,358
938,358
129,358
811,359
55,359
245,359
474,359
784,360
373,360
262,361
972,361
992,361
976,361
8,361
606,361
590,361
771,361
90,362
793,362
788,362
942,362
9,362
105,363
168,363
277,363
380,363
660,363
372,363
220,363
192,364
444,364
290,364
639,364
526,364
419,364
104,364
875,365
702,365
57,366
701,366
581,366
363,366
672,366
350,366
57,367
718,367
373,367
760,367
713,367
650,368
404,368
250,368
845,368
875,368
927,369
217,369
926,369
733,369
211,370
404,370
485,370
303,370
638,370
820,370
941,371
470,371
228,371
344,371
211,371
641,371
461,371
672,372
819,372
31,372
330,373
623,373
645,373
651,373
503,374
976,374
479,374
730,374
88,374
791,374
168,374
765,374
579,375
308,375
903,375
27,375
797,375
462,375
751,375
41,376
492,376
242,376
271,377
793,377
932,377
165,377
310,377
25,377
441,378
911,378
54,378
214,378
261,378
700,378
105,378
519,378
562,379
606,379
135,379
872,379
285,379
534,379
386,379
205,379
913,379
372,380
433,380
74,380
102,380
857,381
527,381
20,381
161,381
710,381
740,381
403,381
598,381
972,381
120,381
794,382
213,382
561,382
102,383
948,383
232,383
845,384
287,384
898,384
104,384
764,385
133,385
119,385
43,385
491,385
674,385
907,385
577,386
903,386
652,387
156,387
339,387
990,387
979,387
280,387
656,387
735,387
412,387
474,387
164,388
975,388
238,388
325,389
976,389
520,389
286,389
183,389
156,389
944,389
908,390
230,390
77,390
10,390
404,390
196,391
441,391
487,391
440,392
784,392
270,393
392,393
969,393
726,393
660,393
192,393
529,393
479,393
91,393
240,394
1,394
833,394
606,394
203,394
187,395
555,395
969,396
679,396
767,396
23,396
770,396
928,397
528,397
205,397
802,397
236,397
399,397
524,397
649,397
923,397
10,397
488,398
8,398
718,398
317,398
452,398
737,398
524,398
927,398
938,398
264,399
262,399
205,399
808,400
43,400
818,400
318,400
368,400
923,400
246,400
447,401
503,401
412,401
336,401
443,401
149,402
397,402
358,402
281,402
693,402
594,402
154,402
990,403
790,403
108,403
265,404
398,404
994,404
925,404
590,404
797,404
965,404
318,404
991,404
863,405
628,405
185,405
436,405
235,405
791,406
873,406
352,406
537,406
374,406
362,406
41,406
987,406
183,406
273,407
344,407
209,407
485,407
969,408
366,408
759,408
415,408
926,408
396,409
303,409
197,409
167,409
59,409
303,409
443,410
441,410
678,411
754,411
426,411
163,411
718,411
533,411
759,411
139,411
232,412
517,412
273,412
304,412
923,412
612,412
96,413
704,413
467,413
229,414
280,414
109,414
761,414
427,414
678,415
368,415
734,415
95,416
252,416
559,416
752,416
470,416
308,417
161,417
564,417
782,417
438,417
247,418
253,418
473,419
542,419
347,419
777,420
678,420
917,421
18,421
346,421
146,421
293,422
604,422
688,422
286,423
138,423
633,423
401,423
277,423
224,423
677,423
41,423
302,423
413,423
534,424
897,424
300,424
21,424
613,424
206,424
644,424
284,425
662,425
59,425
878,425
291,425
449,425
909,426
645,426
266,426
310,426
341,426
480,426
278,426
98,426
526,426
688,426
186,427
275,427
238,428
262,428
20,428
467,428
428,428
399,428
912,428
96,428
328,428
394,429
358,429
185,430
784,430
59,431
733,431
993,431
534,432
693,432
738,432
492,433
441,433
587,433
612,433
512,433
769,433
413,433
355,434
665,434
738,434
854,434
366,434
571,434
613,435
810,435
214,435
289,435
578,435
3,435
755,435
316,435
250,435
350,435
761,436
845,436
709,436
291,436
853,436
537,436
580,436
796,436
627,436
202,436
91,437
583,437
89,437
606,437
97,437
892,437
140,438
805,438
907,438
588,438
181,438
394,438
868,439
585,439
766,439
54,439
927,439
814,439
0,440
550,440
477,440
790,440
781,440
488,440
810,440
540,440
456,441
60,441
841,441
808,441
315,442
213,442
460,442
333,442
110,443
19,443
621,443
849,443
456,443
691,444
647,444
329,444
488,444
305,444
666,444
390,444
110,445
347,445
882,445
838,446
246,446
251,446
468,446
566,446
333,446
532,446
313,446
765,446
696,447
440,447
486,447
600,447
950,447
492,447
805,448
276,448
485,448
311,448
533,448
212,448
380,448
35,448
840,449
676,449
949,449
936,450
204,450
712,450
937,450
78,450
635,451
403,451
528,451
638,451
657,451
85,452
784,452
717,452
998,452
728,452
797,452
378,452
477,453
205,453
717,453
259,453
850,453
344,454
208,454
10,454
721,455
185,455
181,455
988,455
73,455
998,456
943,456
833,456
231,456
747,456
81,457
324,457
22,457
348,457
442,457
343,457
461,457
743,458
605,458
843,459
381,459
799,460
841,460
224,460
300,460
773,460
368,460
975,461
440,461
352,461
325,461
865,461
518,461
650,461
525,461
364,462
753,462
759,462
129,462
66,462
292,462
721,462
243,463
511,463
562,463
2,463
36,463
460,463
691,463
862,464
649,464
98,465
833,465
393,465
501,466
923,466
390,466
741,466
764,466
230,467
383,467
175,467
348,467
601,467
577,467
301,468
360,468
873,468
263,468
310,468
790,468
266,468
326,468
427,469
363,469
870,469
689,469
61,469
175,470
595,470
702,470
642,470
965,470
470,470
402,471
834,471
749,471
494,471
876,471
127,471
554,471
415,472
797,472
782,472
605,472
933,472
895,472
160,473
186,473
177,473
631,473
105,474
817,474
298,474
324,474
522,474
802,474
63,475
131,475
952,475
426,475
465,475
9,475
356,475
73,476
29,476
663,477
531,477
354,478
219,478
188,478
997,478
286,478
714,479
305,479
604,479
809,479
420,479
591,479
50,480
695,480
275,480
445,480
234,480
353,480
67,480
560,481
647,481
629,481
985,481
577,481
915,482
444,482
778,483
861,483
164,484
549,484
598,485
86,485
867,485
392,485
838,485
261,486
60,486
610,486
755,486
153,487
651,487
135,487
710,487
439,487
64,487
621,488
947,488
164,488
754,489
802,489
874,489
321,489
295,489
625,489
309,490
361,490
10,490
440,490
959,490
3,490
261,490
269,491
92,491
936,491
510,491
809,491
34,492
892,492
826,492
258,492
290,492
587,492
454,492
64,492
321,493
550,493
238,493
494,493
824,493
173,493
0,493
734,493
495,493
971,494
954,494
820,494
478,494
444,494
383,494
902,495
366,495
955,495
39,495
253,495
107,495
715,496
820,496
722,496
693,496
760,497
894,497
534,497
422,497
581,497
780,497
66,497
862,498
942,498
877,498
51,498
553,498
559,498
44,499
165,499
846,500
61,500
549,501
996,501
984,501
838,501
195,501
464,501
300,501
219,501
395,501
200,501
984,502
674,502
691,502
430,502
127,502
186,503
573,503
426,503
404,503
178,503
882,503
529,503
739,503
190,504
862,504
387,505
156,505
747,505
226,505
406,506
610,506
9,506
8,506
45,507
212,507
659,507
355,507
198,508
822,508
308,508
957,508
431,509
327,509
680,509
764,509
67,510
473,510
752,511
14,511
980,511
312,512
805,512
969,512
341,513
44,513
415,514
106,514
855,514
460,514
274,514
76,514
372,514
902,514
986,514
825,514
236,515
926,515
683,515
301,515
745,515
807,515
773,515
42,515
865,515
404,515
188,516
17,516
48,516
395,517
646,517
808,517
269,517
944,517
656,517
340,517
544,517
432,518
540,518
126,518
597,518
753,518
3,519
68,519
263,519
871,519
544,519
418,519
842,520
796,520
780,520
59,521
138,521
711,521
993,521
311,522
11,522
304,522
808,522
40,522
160,523
205,523
989,523
764,523
186,524
142,524
930,524
581,524
36,524
523,524
397,524
575,524
735,525
509,525
132,525
478,525
809,526
537,526
565,526
966,527
574,527
67,527
392,528
821,528
29,528
232,528
226,528
202,528
932,528
571,528
906,528
180,529
242,529
824,529
35,529
305,529
636,529
814,529
77,529
407,529
294,529
193,530
94,530
939,530
130,530
617,530
372,530
319,530
443,531
231,531
139,532
953,532
166,532
982,533
180,533
813,533
157,533
172,534
257,534
823,534
332,534
306,534
586,534
341,534
744,534
287,534
663,534
133,535
995,535
814,535
627,536
565,536
653,537
602,537
109,537
603,537
679,537
535,537
476,537
369,537
306,537
935,537
553,538
193,538
496,538
934,538
894,538
826,538
375,538
530,538
381,538
199,539
719,539
978,539
468,539
56,539
966,539
890,540
821,540
476,540
95,540
30,541
740,541
308,541
71,542
975,542
249,542
631,542
555,543
785,543
480,543
791,543
386,543
352,543
620,543
604,543
327,543
41,544
832,544
288,544
970,545
715,545
11,545
565,545
773,545
176,545
593,545
130,545
270,546
568,546
460,546
439,546
750,546
431,546
333,546
115,547
260,547
902,547
529,547
813,548
279,548
524,548
339,548
303,548
531,548
923,548
155,549
755,549
394,549
84,549
297,549
271,549
115,549
335,549
698,550
457,550
198,550
214,550
879,551
874,551
491,551
862,551
169,551
935,551
844,552
557,552
704,552
72,552
377,552
193,552
117,553
652,553
532,553
709,554
436,554
904,554
286,555
916,555
374,555
408,555
794,555
42,556
729,556
995,556
701,556
699,556
443,556
956,556
444,557
359,557
155,557
550,557
554,557
83,558
185,558
437,559
770,559
48,559
262,559
67,559
348,559
32,560
38,560
300,560
372,561
355,561
599,561
239,561
364,562
412,562
138,562
5,562
559,562
145,563
993,563
694,564
635,564
916,565
123,565
329,566
932,566
482,566
754,566
680,566
580,567
740,567
289,567
137,567
232,567
647,568
451,568
821,568
949,568
276,569
368,569
791,570
92,570
301,570
841,570
36,570
133,570
723,570
978,570
400,571
497,571
485,571
934,571
792,571
351,571
523,572
955,572
933,572
810,572
216,572
68,572
985,572
484,572
706,572
423,573
531,573
807,573
225,573
310,573
333,573
277,573
365,573
279,573
54,574
577,574
444,574
596,574
71,575
497,575
722,575
390,575
703,575
43,576
986,576
543,577
219,577
101,577
820,577
215,577
451,577
764,577
134,578
697,578
159,578
894,578
607,578
937,578
851,578
917,578
982,579
828,579
376,579
787,579
655,579
852,579
136,579
405,579
35,579
846,579
626,580
204,580
944,580
734,580
752,580
54,581
102,581
687,581
678,581
267,581
97,582
530,582
71,582
451,582
904,582
948,583
35,583
422,583
555,584
630,584
591,584
248,584
758,584
942,585
917,585
722,585
713,585
489,585
896,585
541,585
681,586
174,586
777,586
126,586
164,586
162,587
29,587
651,588
953,588
408,588
202,588
292,589
511,589
310,589
166,589
815,589
137,589
899,589
311,589
641,590
570,590
122,590
833,590
480,590
231,591
899,591
823,591
561,591
420,591
235,591
683,591
472,591
234,592
739,592
830,592
939,593
500,593
895,593
642,594
154,594
679,595
932,595
407,595
151,596
498,596
415,596
269,597
822,597
501,598
510,598
266,599
71,599
791,599
561,599
374,600
688,600
387,600
490,601
273,601
733,601
153,601
567,601
852,601
126,602
380,602
615,602
148,603
841,603
206,603
117,604
669,604
634,604
237,604
650,604
188,604
263,604
561,605
801,605
289,606
221,606
567,606
869,606
987,607
724,607
672,607
42,607
829,607
226,607
68,607
107,607
73,608
392,608
828,608
40,608
566,608
129,608
710,608
299,609
877,609
48,609
156,609
524,609
476,609
421,609
425,609
869,609
817,610
710,610
618,610
968,610
749,610
331,610
189,611
850,611
606,611
54,611
729,611
956,611
313,611
678,611
947,612
985,612
134,612
588,613
24,613
233,613
380,613
209,614
227,614
3,614
917,614
268,615
696,615
342,615
721,615
440,615
198,615
827,616
966,616
83,616
203,616
633,616
514,616
486,616
497,617
218,617
333,617
334,617
687,617
312,618
436,618
309,618
774,618
206,618
839,618
8,618
448,619
556,619
423,619
664,619
555,620
127,620
185,620
331,620
834,620
695,620
641,620
290,621
783,621
574,621
561,622
255,622
951,622
691,623
320,623
332,623
968,623
255,623
518,623
298,623
969,624
169,624
410,624
197,624
512,625
281,625
414,626
100,626
361,626
213,626
190,627
372,627
957,627
969,627
41,627
93,628
807,628
393,628
640,628
759,628
506,628
236,628
49,629
322,629
195,629
923,629
611,629
555,629
872,630
754,630
47,630
718,630
433,630
929,630
395,630
842,631
915,631
692,632
960,632
895,632
614,632
612,633
21,633
430,634
321,634
943,634
244,634
954,635
80,635
966,635
432,635
422,635
674,635
843,635
562,636
305,636
451,636
903,636
587,636
707,637
317,637
455,637
580,637
381,637
191,638
599,638
151,638
807,638
221,638
582,638
197,638
364,638
371,638
581,639
639,639
3,639
159,639
975,639
276,639
527,639
188,639
365,639
66,640
819,640
517,640
311,640
840,640
748,641
892,641
949,641
294,641
644,641
42,641
16,641
482,641
940,642
478,642
17,643
470,643
72,643
42,643
919,643
31,643
768,643
850,643
665,644
465,644
997,644
778,644
396,645
32,645
604,645
438,645
199,646
924,646
598,646
131,646
274,646
149,647
26,647
831,647
89,648
641,648
863,648
743,648
889,649
540,649
499,649
223,650
396,650
310,651
899,651
881,652
601,652
978,652
122,652
358,653
560,653
322,653
738,653
734,654
719,654
379,654
652,654
99,654
142,655
550,655
669,656
59,656
513,656
189,657
187,657
485,657
917,657
23,657
596,657
827,657
904,657
163,658
279,658
768,658
997,658
631,658
871,658
259,659
271,659
860,659
896,659
118,659
752,659
150,659
293,659
711,659
823,660
269,660
654,660
300,661
875,661
453,661
545,662
218,662
384,662
825,662
339,662
749,662
125,662
128,662
370,663
723,663
489,663
753,663
148,663
472,663
538,664
912,664
687,664
212,664
304,665
499,665
973,666
748,666
545,666
142,666
940,666
61,666
689,666
904,666
825,666
943,667
275,667
212,667
859,667
631,667
178,667
302,667
382,668
327,668
655,668
632,668
50,668
210,668
734,668
10,669
612,669
301,670
235,670
200,670
332,670
732,670
596,670
964,670
440,670
832,670
808,671
911,671
118,671
713,672
830,672
339,672
580,672
861,672
615,672
339,672
457,673
936,673
616,673
393,673
301,673
949,673
699,673
327,674
646,674
729,674
130,674
985,674
799,674
948,674
287,675
149,675
648,675
52,675
343,676
421,676
700,677
72,677
261,677
479,677
970,678
779,678
466,678
298,678
807,679
959,679
952,679
720,679
818,679
149,679
922,679
541,679
873,680
651,680
885,681
293,681
329,681
421,681
860,681
37,681
944,681
698,681
113,681
108,682
900,682
91,682
955,682
376,682
32,682
55,682
157,682
571,683
577,683
918,683
637,683
395,683
964,683
997,684
45,684
817,684
244,685
362,685
223,685
579,685
781,685
72,685
743,685
382,685
774,686
49,686
712,686
362,686
469,686
8,686
103,686
407,686
392,686
923,686
337,687
138,687
637,687
315,687
213,687
919,688
607,688
784,688
786,688
678,688
508,689
933,689
606,689
322,689
944,689
919,689
873,689
339,689
232,690
291,690
401,691
965,691
478,691
962,691
238,691
542,691
272,691
409,691
816,692
367,692
581,692
168,693
703,693
632,693
883,694
928,694
743,694
133,694
502,694
221,694
553,694
488,694
448,695
385,695
221,695
311,695
931,695
698,695
520,696
768,696
749,696
463,696
829,696
382,696
636,696
422,696
628,696
122,697
236,697
990,697
846,697
833,697
607,697
10,698
89,698
980,698
617,698
10,698
474,698
841,699
421,699
863,700
842,700
829,701
846,701
763,701
224,701
50,701
721,701
310,701
771,702
128,702
426,702
186,702
510,702
6,702
364,702
643,702
438,702
991,703
2,703
716,703
977,704
221,704
144,704
469,704
215,704
985,704
474,704
653,705
907,705
771,705
880,705
671,705
17,705
739,705
148,705
20,706
856,706
255,706
940,706
58,707
175,707
137,707
208,707
82,707
764,707
773,707
285,707
499,708
580,708
979,709
352,709
206,709
280,709
989,709
600,709
597,710
686,710
236,711
315,711
271,711
706,711
203,711
399,711
487,711
399,711
154,712
297,712
939,712
381,712
896,712
761,712
136,712
799,712
202,713
339,713
653,713
569,714
357,714
677,714
784,714
863,714
8,715
72,715
522,715
910,715
628,715
202,715
844,716
892,716
337,717
225,717
378,718
414,718
322,718
834,719
770,719
135,719
362,719
905,719
37,719
310,720
729,720
239,720
924,720
407,720
673,720
877,720
638,720
536,721
113,721
272,721
396,721
170,721
389,721
559,721
637,722
364,722
392,722
685,722
368,722
963,722
866,722
748,722
680,723
401,723
581,723
678,724
549,724
11,724
533,724
426,724
815,725
737,725
893,726
289,726
738,726
298,726
925,727
515,727
755,727
913,727
125,727
241,727
845,727
634,727
822,728
942,728
59,728
24,728
572,729
856,729
561,730
214,730
668,730
81,730
286,730
944,730
557,730
614,730
976,731
615,731
153,731
52,731
299,731
830,731
809,732
344,732
861,732
440,732
5,732
422,733
90,733
734,733
277,733
33,734
639,734
42,734
602,735
241,735
882,735
581,735
675,736
947,736
777,736
728,736
867,736
114,736
332,737
108,737
340,737
868,737
151,737
241,737
647,737
529,737
955,737
513,737
142,738
710,738
760,738
502,739
892,739
977,739
304,739
373,739
690,739
703,739
32,739
394,740
810,740
837,740
258,741
623,741
943,742
162,742
83,742
510,742
234,742
530,742
837,743
86,743
810,743
635,743
700,743
772,743
189,743
340,743
503,744
54,744
482,744
236,744
566,744
715,745
228,745
675,746
0,746
671,746
673,746
874,747
493,747
567,747
664,747
286,747
144,747
404,747
206,747
681,747
23,747
356,748
659,748
128,748
843,748
675,748
78,748
246,748
620,749
860,749
521,749
30,749
989,749
67,750
288,750
828,750
53,750
727,751
800,751
290,751
510,751
259,751
274,751
37,751
828,752
498,752
989,752
753,753
574,753
168,753
207,753
520,753
408,754
302,754
583,754
626,754
236,754
47,754
849,755
413,755
791,755
625,755
368,755
289,755
131,755
828,755
631,756
802,756
579,756
346,756
659,757
662,757
599,757
465,757
210,757
830,757
237,758
224,758
343,758
526,759
709,759
256,759
162,760
979,760
421,760
644,760
708,760
859,760
56,761
656,761
709,761
220,761
329,761
63,761
859,762
122,762
784,762
30,762
38,762
527,762
382,762
502,762
259,762
637,762
830,763
486,763
234,763
250,763
304,763
31,763
447,764
463,764
967,764
923,764
312,764
663,764
302,764
618,764
664,764
39,764
368,765
789,765
436,765
578,765
607,765
223,765
971,765
362,766
102,766
793,766
443,766
488,767
550,767
37,767
840,767
883,767
993,767
946,768
661,768
36,768
299,768
529,768
203,768
381,768
741,769
10,769
266,770
784,770
672,770
490,770
405,770
196,770
112,770
258,771
728,771
265,771
925,771
397,771
717,771
451,771
658,772
955,772
686,772
116,773
529,773
97,774
385,774
434,774
778,774
965,774
355,774
897,775
853,775
714,776
651,776
580,776
851,776
902,776
933,777
554,777
282,777
630,777
514,777
370,777
171,777
634,778
987,778
404,778
275,778
746,778
541,778
246,778
996,778
557,778
61,779
327,779
193,779
98,779
874,779
612,779
136,780
384,780
241,780
361,781
295,781
570,781
725,781
977,781
75,782
583,782
198,782
691,782
783,782
928,782
452,783
737,783
818,783
773,783
727,783
877,784
634,784
826,784
839,784
380,784
108,784
420,785
875,785
969,785
873,785
655,786
418,786
521,786
803,786
490,786
658,787
476,787
401,787
696,787
370,787
423,787
336,788
679,788
997,788
570,788
879,789
479,789
730,789
212,790
396,790
754,791
121,791
714,791
479,791
697,791
462,791
409,791
492,791
374,791
668,791
614,792
639,792
130,792
141,792
49,792
805,792
311,792
810,792
855,792
810,793
117,793
80,793
721,794
628,794
217,794
356,794
119,794
533,794
527,794
155,794
197,794
373,794
500,795
923,795
439,795
666,795
200,795
516,795
157,795
3,795
619,795
143,796
285,796
488,796
902,796
195,797
126,797
597,797
889,797
825,798
212,798
22,798
521,798
516,798
124,799
519,799
740,799
783,800
985,800
233,800
216,800
336,800
939,801
660,801
854,801
620,801
890,801
974,801
271,801
260,801
36,801
411,802
68,802
182,802
25,802
704,803
115,803
916,803
230,804
435,804
915,804
445,804
350,804
16,804
369,805
846,805
88,805
759,805
992,805
681,805
590,805
341,805
191,806
54,806
765,806
886,806
234,807
545,807
960,807
199,807
72,808
754,808
108,808
24,809
465,809
705,809
549,810
494,810
375,810
570,810
56,811
770,811
167,811
616,811
880,811
165,811
737,811
263,812
832,812
956,812
357,812
750,813
429,813
563,813
244,813
345,813
402,813
842,813
112,814
505,814
649,814
536,814
929,814
465,814
66,814
364,814
845,814
414,815
176,815
200,815
280,815
330,815
355,815
432,815
452,816
999,816
341,816
127,816
455,816
913,816
184,816
205,816
43,817
81,817
140,817
245,817
534,817
489,817
826,817
720,818
999,818
423,818
744,818
606,818
785,818
40,818
399,819
76,819
639,819
682,819
197,819
263,819
640,820
878,820
123,820
329,821
417,821
954,821
538,821
559,821
245,821
298,821
134,821
210,821
214,821
347,822
150,822
585,822
43,822
747,822
57,822
117,822
774,823
600,823
505,823
155,823
516,823
25,823
99,823
255,823
698,823
978,824
755,824
407,824
326,824
698,824
158,824
201,824
547,824
82,824
101,825
511,825
695,825
255,825
933,825
116,825
495,825
105,825
863,825
702,826
268,826
991,826
219,826
873,826
330,826
446,826
52,826
930,826
514,827
854,827
198,827
547,827
72,827
298,827
266,828
753,828
135,828
77,828
227,828
248,828
49,828
703,828
72,829
927,829
65,829
150,829
483,829
961,829
744,829
228,829
727,829
924,830
942,830
12,830
193,830
280,830
451,830
14,830
679,830
546,831
612,831
993,831
657,831
735,831
853,831
601,831
988,831
81,831
63,831
512,832
661,832
690,832
347,832
896,832
166,832
430,832
591,832
408,832
399,833
856,833
142,833
865,833
786,833
778,834
242,834
385,834
818,835
105,835
264,835
124,835
97,835
566,835
476,835
386,835
418,835
17,835
714,836
132,836
250,836
455,836
41,837
129,837
849,837
228,837
566,837
485,837
363,838
56,838
698,838
227,838
381,838
14,838
859,838
58,838
257,839
557,839
723,840
332,840
899,840
428,840
123,840
724,840
553,840
836,840
455,840
28,841
561,841
292,841
235,841
909,841
816,841
281,842
688,842
411,842
332,842
804,843
829,843
461,843
780,843
147,843
149,843
222,843
816,843
286,844
425,844
384,845
10,845
357,845
352,846
270,846
645,846
356,846
181,846
420,846
343,846
26,846
277,846
476,846
318,847
653,847
700,848
925,848
776,848
196,848
459,848
939,848
405,849
131,849
386,849
601,849
456,849
700,849
710,850
384,850
388,850
100,850
689,851
954,851
910,851
482,851
845,851
772,852
242,852
796,852
203,852
996,852
325,852
872,853
708,853
538,853
54,853
251,853
761,853
500,854
617,854
164,854
745,854
427,854
730,855
236,855
655,855
51,855
551,855
906,855
925,856
317,856
77,856
260,856
874,856
489,857
982,857
399,858
901,858
441,858
383,858
744,858
999,858
483,859
276,859
894,859
385,859
227,859
498,859
353,859
82,859
93,860
851,860
753,860
342,861
933,861
42,861
405,861
287,862
323,862
358,862
287,862
961,862
402,863
691,863
703,864
265,864
371,864
579,864
485,864
935,865
960,865
558,865
648,865
308,866
846,866
687,866
259,867
155,867
554,867
102,867
979,868
393,868
829,868
65,868
297,868
118,869
657,869
81,869
458,869
292,869
722,869
144,870
0,870
311,871
979,871
435,871
225,871
788,871
913,871
74,871
175,871
712,871
146,872
337,872
683,873
991,873
119,873
305,873
207,874
298,874
356,875
202,875
131,875
115,875
459,875
404,875
473,876
834,876
407,876
984,876
917,876
394,876
527,876
377,877
82,877
248,877
297,877
623,877
164,877
834,877
456,878
661,878
955,878
536,879
592,879
127,879
575,880
992,880
625,880
328,880
234,881
816,881
378,881
915,881
319,882
269,882
470,883
734,883
916,883
106,883
924,884
493,884
202,884
826,884
817,884
717,885
351,885
446,885
389,885
737,885
603,885
551,885
653,886
176,886
855,886
349,886
839,887
855,887
182,887
383,887
952,887
265,887
964,887
624,887
266,887
288,888
668,888
165,888
666,888
153,888
176,888
955,888
112,889
938,889
313,889
700,889
964,889
480,889
300,889
213,889
240,889
131,890
983,890
931,890
191,890
72,890
391,891
876,891
41,891
476,892
154,892
630,892
285,892
913,892
435,893
564,893
318,893
509,893
48,893
172,893
732,894
290,894
470,894
213,894
848,894
648,894
486,894
768,895
930,895
38,895
345,895
21,896
643,896
656,896
333,896
847,897
80,897
432,898
47,898
962,898
221,898
533,899
154,899
175,899
496,899
517,899
34,899
502,899
18,900
291,900
294,900
871,901
644,901
762,901
59,901
799,901
877,901
940,901
664,902
886,902
245,902
486,902
656,902
820,902
278,903
209,903
576,903
473,904
474,904
374,904
39,904
443,905
753,905
574,905
839,905
370,905
793,905
257,905
298,905
109,905
805,906
768,906
253,906
855,906
442,906
192,906
208,906
540,906
971,906
233,907
63,907
923,907
748,907
325,907
685,907
191,907
888,908
540,908
722,908
138,909
605,909
913,909
560,909
137,909
282,909
105,909
25,910
181,910
262,911
715,911
366,911
160,911
496,911
118,912
707,912
815,912
112,912
189,912
339,913
530,913
376,913
336,914
954,914
474,914
33,914
259,915
733,915
158,915
935,915
132,915
754,915
306,915
149,916
949,916
328,917
185,917
24,917
665,918
279,918
750,918
451,918
453,918
341,918
426,918
469,918
783,919
911,919
675,919
108,919
48,919
836,920
935,920
601,920
483,920
472,920
283,920
63,920
121,920
371,920
11,921
168,921
1,921
480,921
839,921
500,921
906,921
103,921
635,921
190,922
639,922
819,922
213,922
34,922
631,922
339,922
559,922
964,922
752,923
38,923
847,923
393,923
852,923
584,923
247,923
688,923
228,924
310,924
189,924
564,924
696,924
790,924
690,924
703,924
753,924
636,924
85,925
211,925
358,925
246,925
843,925
551,925
419,925
757,926
48,926
425,926
588,926
722,926
980,927
789,927
221,927
448,928
848,928
479,928
603,928
956,929
977,929
461,930
587,930
821,930
514,931
458,931
882,932
799,932
448,933
781,933
332,933
131,934
727,934
923,934
929,934
981,935
765,935
762,936
777,936
124,937
318,937
239,937
486,938
179,938
581,938
572,939
22,939
690,939
546,939
856,939
802,939
864,939
647,939
381,940
901,940
722,940
74,940
513,940
134,940
51,941
530,941
555,942
113,942
552,943
9,943
135,943
756,943
838,943
492,943
471,943
384,943
800,944
460,944
486,944
251,944
747,945
590,945
275,945
173,945
804,945
616,946
845,946
398,947
937,947
795,947
807,947
427,947
331,947
542,947
284,948
823,948
455,948
548,948
290,949
98,949
91,949
734,949
898,949
330,949
329,949
703,950
851,950
447,950
534,951
116,951
198,951
196,951
770,951
96,951
705,952
370,952
246,952
454,952
804,952
364,952
234,952
922,953
853,953
545,954
911,954
913,954
256,954
658,954
38,954
136,955
783,955
280,955
234,955
613,955
72,956
888,956
963,956
41,957
234,957
549,957
882,957
681,957
454,957
264,957
459,957
648,958
438,958
986,958
539,958
980,958
828,958
992,958
643,958
96,958
902,959
307,959
246,959
637,959
745,959
545,959
697,959
676,959
946,959
326,960
263,960
901,960
146,960
703,960
294,960
631,961
744,961
251,962
587,962
252,963
294,963
258,963
936,963
756,963
322,964
482,964
966,964
871,964
336,964
199,965
601,965
32,965
255,965
853,966
26,966
905,966
571,966
805,967
538,967
548,967
619,967
137,967
286,967
207,967
628,967
985,967
890,967
431,968
20,968
556,968
250,969
999,969
468,969
116,969
435,970
857,970
124,971
375,971
378,972
38,972
827,972
615,973
991,973
603,973
522,973
353,973
747,973
602,973
900,973
638,973
628,974
429,974
893,974
12,974
706,974
837,974
257,974
316,974
257,974
885,975
827,975
361,975
557,975
100,976
269,976
858,977
234,977
504,977
883,977
487,978
738,978
573,979
99,979
552,979
632,979
437,979
476,979
963,979
205,980
668,980
419,980
21,981
534,981
622,981
778,981
375,981
745,981
331,981
456,981
768,982
499,982
94,982
964,983
806,983
513,983
332,983
460,983
232,983
272,983
895,984
298,984
916,985
673,985
125,985
795,986
250,986
836,987
830,987
109,987
636,987
540,987
110,987
568,987
856,987
573,988
611,988
634,988
733,988
387,988
552,988
591,989
186,989
490,989
854,989
759,989
676,989
781,989
580,989
77,989
209,989
454,990
283,990
388,990
549,991
403,991
184,991
718,991
807,991
840,991
68,991
46,991
833,991
237,992
969,992
880,992
54,992
104,992
6,992
264,992
228,992
467,992
33,993
249,993
179,993
601,993
438,994
14,994
948,994
959,994
41,994
507,994
761,994
976,994
608,995
939,995
912,995
281,995
233,996
523,996
303,996
960,996
681,997
153,997
413,997
512,997
827,997
825,997
907,997
859,997
816,997
86,998
676,998
15,998
972,998
490,998
405,998
717,999
794,999
759,999
425,999
501,999
29,1000
264,1000
742,1000
372,1000
237,1001
371,1001
998,1001
403,1002
636,1002
130,1002
928,1002
473,1003
522,1003
36,1003
957,1003
997,1004
932,1004
932,1004
550,1004
553,1005
94,1005
53,1005
863,1005
305,1005
200,1005
980,1006
916,1006
110,1006
608,1006
424,1006
968,1006
912,1006
238,1006
221,1007
117,1007
769,1007
186,1007
851,1007
200,1008
326,1008
872,1008
714,1008
787,1008
140,1009
292,1009
529,1009
96,1010
840,1010
552,1010
452,1010
713,1010
379,1010
834,1010
137,1010
231,1011
996,1011
999,1011
642,1011
213,1011
845,1011
283,1011
560,1012
2,1012
991,1012
808,1012
807,1012
804,1012
256,1012
260,1012
53,1012
315,1013
466,1013
992,1014
152,1014
741,1014
153,1014
808,1014
165,1015
936,1015
236,1016
548,1016
409,1016
724,1016
745,1016
137,1017
573,1017
658,1017
384,1017
534,1017
767,1018
950,1018
113,1019
133,1019
780,1019
759,1019
746,1019
985,1019
322,1019
120,1020
654,1020
511,1021
203,1021
886,1021
173,1021
48,1021
919,1021
155,1022
93,1022
701,1022
760,1023
247,1023
258,1023
22,1023
963,1023
710,1023
279,1023
229,1024
254,1024
866,1024
387,1024
281,1024
130,1025
240,1025
612,1025
811,1025
459,1025
617,1025
735,1025
365,1025
669,1025
436,1025
410,1026
963,1026
791,1026
819,1026
489,1026
549,1026
249,1026
940,1026
49,1026
526,1026
43,1027
269,1027
240,1027
241,1027
148,1027
888,1027
477,1027
2,1028
345,1028
421,1028
231,1028
221,1028
467,1028
885,1029
871,1029
489,1029
204,1029
736,1029
280,1030
141,1030
183,1030
769,1030
959,1030
785,1030
661,1030
445,1030
194,1030
380,1031
670,1031
322,1031
213,1031
396,1031
26,1031
592,1031
95,1031
935,1031
644,1032
156,1032
984,1032
699,1032
837,1032
772,1032
803,1032
993,1033
668,1033
762,1034
741,1034
994,1034
193,1034
106,1034
768,1034
221,1034
783,1034
539,1035
624,1035
408,1035
810,1035
873,1036
990,1036
799,1036
489,1036
534,1036
23,1036
853,1036
874,1036
175,1037
35,1037
404,1037
500,1037
885,1037
18,1037
651,1037
673,1037
212,1038
373,1038
802,1038
670,1038
777,1038
826,1039
363,1039
629,1039
442,1039
412,1039
391,1039
245,1039
270,1039
931,1039
35,1039
852,1040
306,1040
999,1040
717,1040
966,1041
535,1041
739,1041
624,1041
885,1041
420,1042
700,1042
874,1042
174,1042
794,1042
464,1042
712,1042
39,1042
484,1042
602,1043
581,1043
608,1043
732,1043
147,1043
738,1043
764,1043
172,1043
588,1043
805,1044
333,1044
108,1044
803,1044
692,1044
711,1044
592,1044
492,1045
500,1045
308,1045
805,1045
626,1045
54,1046
215,1046
486,1046
871,1046
363,1046
72,1047
614,1047
860,1047
526,1048
926,1048
571,1048
220,1048
231,1049
413,1049
176,1049
142,1049
680,1049
500,1049
929,1049
404,1049
89,1049
193,1049
246,1050
19,1050
215,1050
751,1050
765,1050
77,1050
623,1050
868,1050
572,1051
833,1051
273,1051
988,1051
245,1051
349,1052
821,1052
433,1052
281,1052
138,1052
670,1053
152,1053
816,1053
8,1053
931,1053
500,1054
605,1054
825,1054
918,1054
88,1055
562,1055
579,1055
359,1056
914,1056
209,1056
893,1057
866,1057
354,1057
581,1057
163,1058
790,1058
352,1058
815,1058
484,1058
212,1059
386,1059
921,1059
6,1059
986,1059
554,1059
786,1060
834,1060
772,1060
549,1060
806,1060
412,1060
182,1060
105,1060
325,1060
286,1061
984,1061
104,1061
134,1061
240,1061
992,1061
749,1062
166,1062
916,1062
339,1062
291,1062
29,1062
554,1062
336,1063
972,1063
176,1063
738,1063
754,1063
447,1063
684,1064
375,1064
210,1064
573,1064
124,1065
60,1065
167,1065
473,1066
152,1066
926,1067
439,1067
87,1067
535,1067
897,1068
212,1068
214,1068
53,1069
685,1069
496,1069
752,1069
898,1070
109,1070
862,1070
887,1070
827,1070
278,1070
7,1070
379,1070
358,1071
482,1071
603,1071
800,1071
255,1071
834,1072
86,1072
547,1073
833,1073
507,1073
779,1073
574,1073
269,1073
43,1073
136,1073
941,1073
766,1073
317,1074
848,1074
251,1075
157,1075
692,1075
308,1075
502,1075
246,1075
744,1076
434,1076
525,1076
989,1076
581,1076
927,1076
822,1077
555,1077
743,1078
986,1078
877,1078
266,1079
356,1079
21,1079
724,1079
274,1079
579,1080
473,1080
409,1080
35,1080
673,1080
559,1080
141,1080
385,1080
443,1080
59,1081
96,1081
748,1081
255,1081
676,1081
